Country Name,Country Code,Indicator Name,Indicator Code,2004,2005,2006,2007,2008,2009,2010,2011
Aruba,ABW,"Population, total",SP.POP.TOTL,93540,94483,95606,96787,97996,99212,100341,101288
Africa Eastern and Southern,AFE,"Population, total",SP.POP.TOTL,445281555,457153837,469508516,482406426,495748900,509410477,523459657,537792950
Afghanistan,AFG,"Population, total",SP.POP.TOTL,23553551,24411191,25442944,25903301,26427199,27385307,28189672,29249157
Africa Western and Central,AFW,"Population, total",SP.POP.TOTL,301265247,309824829,318601484,327612838,336893835,346475221,356337762,366489204
Angola,AGO,"Population, total",SP.POP.TOTL,18771125,19450959,20162340,20909684,21691522,22507674,23364185,24259111
Albania,ALB,"Population, total",SP.POP.TOTL,3026939,3011487,2992547,2970017,2947314,2927519,2913021,2905195
Andorra,AND,"Population, total",SP.POP.TOTL,76933,79826,80221,78168,76055,73852,71519,70567
Arab World,ARB,"Population, total",SP.POP.TOTL,313249616,320558754,328703057,337498222,346630443,355754908,364427661,372351065
United Arab Emirates,ARE,"Population, total",SP.POP.TOTL,3993339,4280993,4898954,5872624,6988685,7992644,8481771,8575205
Argentina,ARG,"Population, total",SP.POP.TOTL,38668796,39070501,39476851,39876111,40273769,40684338,40788453,41261490
Armenia,ARM,"Population, total",SP.POP.TOTL,3065745,3047246,3026486,3004393,2983421,2964296,2946293,2928976
American Samoa,ASM,"Population, total",SP.POP.TOTL,57626,57254,56837,56383,55891,55366,54849,54310
Antigua and Barbuda,ATG,"Population, total",SP.POP.TOTL,78941,79869,80895,82016,83251,84534,85695,86729
Australia,AUS,"Population, total",SP.POP.TOTL,19932722,20176844,20450966,20827622,21249199,21691653,22031750,22340024
Austria,AUT,"Population, total",SP.POP.TOTL,8171966,8227829,8268641,8295487,8321496,8343323,8363404,8391643
Azerbaijan,AZE,"Population, total",SP.POP.TOTL,8306500,8391850,8484550,8581300,8763400,8947243,9054332,9173082
Burundi,BDI,"Population, total",SP.POP.TOTL,7120496,7388874,7658190,7944609,8278109,8709366,9126605,9455733
Belgium,BEL,"Population, total",SP.POP.TOTL,10421137,10478617,10547958,10625700,10709973,10796493,10895586,11038264
Benin,BEN,"Population, total",SP.POP.TOTL,7894554,8149419,8402631,8647761,8906469,9172514,9445710,9726380
Burkina Faso,BFA,"Population, total",SP.POP.TOTL,13445977,13876127,14316242,14757074,15197915,15650022,16116845,16602651
Bangladesh,BGD,"Population, total",SP.POP.TOTL,138789725,140912590,142628831,144135934,145421318,146706810,148391139,150211005
Bulgaria,BGR,"Population, total",SP.POP.TOTL,7716860,7658972,7601022,7545338,7492561,7444443,7395599,7348328
Bahrain,BHR,"Population, total",SP.POP.TOTL,833451,901921,970981,1040532,1110343,1179453,1213645,1212077
"Bahamas, The",BHS,"Population, total",SP.POP.TOTL,343089,347804,352664,357666,362795,368057,373272,377950
Bosnia and Herzegovina,BIH,"Population, total",SP.POP.TOTL,4142860,4094297,4058086,4007876,3943392,3877750,3811088,3743142
Belarus,BLR,"Population, total",SP.POP.TOTL,9730146,9663915,9604924,9560953,9527985,9504583,9483836,9461643
Belize,BLZ,"Population, total",SP.POP.TOTL,272128,280375,288729,297173,305671,314171,322106,329538
Bermuda,BMU,"Population, total",SP.POP.TOTL,63740,64154,64523,64888,65273,65636,65124,64564
Bolivia,BOL,"Population, total",SP.POP.TOTL,9216279,9377388,9542663,9711152,9880593,10051317,10223270,10396246
Brazil,BRA,"Population, total",SP.POP.TOTL,184722043,186797334,188820682,190779453,192672317,194517549,196353492,198185302
Barbados,BRB,"Population, total",SP.POP.TOTL,268505,269477,270425,271444,272635,273791,274711,275486
Brunei Darussalam,BRN,"Population, total",SP.POP.TOTL,360461,366717,372808,378748,384568,390311,396053,401506
Bhutan,BTN,"Population, total",SP.POP.TOTL,649991,663323,673260,681614,689737,697678,705516,713331
Botswana,BWA,"Population, total",SP.POP.TOTL,1859085,1892807,1928704,1966977,2007320,2048997,2091664,2134037
Central African Republic,CAF,"Population, total",SP.POP.TOTL,4115138,4208834,4294352,4375569,4467233,4564540,4660067,4732022
Canada,CAN,"Population, total",SP.POP.TOTL,31940655,32243753,32571174,32889025,33247118,33628895,34004889,34339328
Central Europe and the Baltics,CEB,"Population, total",SP.POP.TOTL,106331716,106041911,105772481,105378748,105001883,104800475,104421447,104174038
Switzerland,CHE,"Population, total",SP.POP.TOTL,7389625,7437115,7483934,7551117,7647675,7743831,7824909,7912398
Channel Islands,CHI,"Population, total",SP.POP.TOTL,149538,150763,151985,153225,154475,155721,156933,157819
Chile,CHL,"Population, total",SP.POP.TOTL,16017966,16175311,16334575,16495538,16661462,16833447,17004162,17173573
China,CHN,"Population, total",SP.POP.TOTL,1296075000,1303720000,1311020000,1317885000,1324655000,1331260000,1337705000,1345035000
Cote d'Ivoire,CIV,"Population, total",SP.POP.TOTL,18544903,18970215,19394057,19817700,20244449,20677762,21120042,21562914
Cameroon,CMR,"Population, total",SP.POP.TOTL,16809407,17275171,17751333,18251866,18777081,19319274,19878036,20448873
"Congo, Dem. Rep.",COD,"Population, total",SP.POP.TOTL,54815607,56550247,58381630,60289422,62249724,64270232,66391257,68654269
"Congo, Rep.",COG,"Population, total",SP.POP.TOTL,3543012,3672839,3813323,3956329,4089602,4257230,4437884,4584216
Colombia,COL,"Population, total",SP.POP.TOTL,41648268,42220940,42772910,43306582,43815313,44313917,44816108,45308899
Comoros,COM,"Population, total",SP.POP.TOTL,581154,592683,604658,616899,629470,642493,656024,670071
Cabo Verde,CPV,"Population, total",SP.POP.TOTL,486583,492827,498884,504733,510336,515638,521212,527521
Costa Rica,CRI,"Population, total",SP.POP.TOTL,4252800,4315887,4378172,4440019,4501921,4563127,4622252,4679926
Caribbean small states,CSS,"Population, total",SP.POP.TOTL,6760372,6802474,6844183,6884705,6923924,6964240,7004428,7044357
Cuba,CUB,"Population, total",SP.POP.TOTL,11225294,11246114,11260630,11269887,11276609,11283185,11290417,11298710
Curacao,CUW,"Population, total",SP.POP.TOTL,134192,137658,141239,144056,145880,146833,148703,150831
Cayman Islands,CYM,"Population, total",SP.POP.TOTL,45286,46727,48177,49647,51123,52602,54074,55492
Cyprus,CYP,"Population, total",SP.POP.TOTL,1018684,1037062,1055438,1073873,1092390,1110974,1129686,1145086
Czechia,CZE,"Population, total",SP.POP.TOTL,10197101,10211216,10238905,10298828,10384603,10443936,10474410,10496088
Germany,DEU,"Population, total",SP.POP.TOTL,82516260,82469422,82376451,82266372,82110097,81902307,81776930,80274983
Djibouti,DJI,"Population, total",SP.POP.TOTL,818373,830861,846947,865196,882886,901103,919199,936811
Dominica,DMA,"Population, total",SP.POP.TOTL,68574,68674,68742,68775,68782,68787,68755,68742
Denmark,DNK,"Population, total",SP.POP.TOTL,5404523,5419432,5437272,5461438,5493621,5523095,5547683,5570572
Dominican Republic,DOM,"Population, total",SP.POP.TOTL,9043127,9164768,9284168,9402206,9522948,9648061,9775755,9903737
Algeria,DZA,"Population, total",SP.POP.TOTL,32510186,32956690,33435080,33983827,34569592,35196037,35856344,36543541
East Asia & Pacific (excluding high income),EAP,"Population, total",SP.POP.TOTL,1881561559,1896788261,1911721676,1926306467,1940768141,1955042105,1969186913,1984267781
Early-demographic dividend,EAR,"Population, total",SP.POP.TOTL,2680567394,2725013738,2769421149,2813790790,2857587007,2901329923,2946285613,2991403487
East Asia & Pacific,EAS,"Population, total",SP.POP.TOTL,2116651449,2132517760,2148405823,2164155292,2179914111,2195169711,2210203758,2225992094
Europe & Central Asia (excluding high income),ECA,"Population, total",SP.POP.TOTL,371533136,372077135,372780224,373485209,375012208,376867673,379079046,381328678
Europe & Central Asia,ECS,"Population, total",SP.POP.TOTL,870270838,872913705,875627934,878456268,882088404,885659803,889169629,891329416
Ecuador,ECU,"Population, total",SP.POP.TOTL,13534593,13770012,14009061,14251835,14496797,14742766,14989585,15237728
"Egypt, Arab Rep.",EGY,"Population, total",SP.POP.TOTL,77522427,79075310,80629670,82218755,83844783,85501064,87252413,89200054
Euro area,EMU,"Population, total",SP.POP.TOTL,332006792,333709006,335250759,336971054,338599969,339682801,340467048,339722971
Eritrea,ERI,"Population, total",SP.POP.TOTL,2763140,2831732,2880093,2926168,3005779,3083888,3147727,3207570
Spain,ESP,"Population, total",SP.POP.TOTL,42921895,43653155,44397319,45226803,45954106,46362946,46576897,46742697
Estonia,EST,"Population, total",SP.POP.TOTL,1362550,1354775,1346810,1340680,1337090,1334515,1331475,1327439
Ethiopia,ETH,"Population, total",SP.POP.TOTL,75301026,77469940,79691050,81996185,84357105,86755585,89237791,91817929
European Union,EUU,"Population, total",SP.POP.TOTL,434059923,435600393,437014860,438484072,439892213,440934530,441552554,440769682
Fragile and conflict affected situations,FCS,"Population, total",SP.POP.TOTL,674005044,690401342,707149927,723853346,741306396,759795159,778717407,797785010
Finland,FIN,"Population, total",SP.POP.TOTL,5228172,5246096,5266268,5288720,5313399,5338871,5363352,5388272
Fiji,FJI,"Population, total",SP.POP.TOTL,866694,874923,883083,890648,896731,901383,905169,908355
France,FRA,"Population, total",SP.POP.TOTL,62716306,63188395,63628261,64021737,64379696,64710879,65030575,65345233
Faroe Islands,FRO,"Population, total",SP.POP.TOTL,47989,48291,48313,48361,48411,48429,48410,48386
"Micronesia, Fed. Sts.",FSM,"Population, total",SP.POP.TOTL,111438,110940,110301,109532,108704,107868,107588,107887
Gabon,GAB,"Population, total",SP.POP.TOTL,1417110,1458353,1502534,1549774,1599978,1653542,1711105,1772500
United Kingdom,GBR,"Population, total",SP.POP.TOTL,59987905,60401206,60846820,61322463,61806995,62276270,62766365,63258810
Georgia,GEO,"Population, total",SP.POP.TOTL,3927340,3902469,3880347,3860158,3848449,3814419,3786695,3756441
Ghana,GHA,"Population, total",SP.POP.TOTL,21906444,22496951,23098586,23708320,24326087,24950762,25574719,26205941
Gibraltar,GIB,"Population, total",SP.POP.TOTL,28716,29155,29587,29996,30398,30819,31262,31701
Guinea,GIN,"Population, total",SP.POP.TOTL,8961039,9140114,9330625,9547082,9779785,10021323,10270728,10527712
"Gambia, The",GMB,"Population, total",SP.POP.TOTL,1612225,1660368,1711294,1764883,1820542,1878119,1937275,1998212
Guinea-Bissau,GNB,"Population, total",SP.POP.TOTL,1347009,1379713,1414091,1450572,1488431,1527196,1567220,1609017
Equatorial Guinea,GNQ,"Population, total",SP.POP.TOTL,826355,864726,905418,948814,994971,1043686,1094524,1144588
Greece,GRC,"Population, total",SP.POP.TOTL,10955141,10987314,11020362,11048473,11077841,11107017,11121341,11104899
Grenada,GRD,"Population, total",SP.POP.TOTL,109516,110254,110988,111725,112478,113249,114039,114918
Greenland,GRL,"Population, total",SP.POP.TOTL,56911,56935,56774,56555,56328,56323,56905,56890
Guatemala,GTM,"Population, total",SP.POP.TOTL,12682108,12948292,13213330,13477017,13739299,14000190,14259687,14521515
Guam,GUM,"Population, total",SP.POP.TOTL,164004,164430,164675,164763,164725,164580,164905,165649
Guyana,GUY,"Population, total",SP.POP.TOTL,760424,759709,758367,756521,754150,751258,747932,744230
High income,HIC,"Population, total",SP.POP.TOTL,1129571825,1136981371,1145510251,1154791752,1164409232,1173066945,1180459116,1185474102
"Hong Kong SAR, China",HKG,"Population, total",SP.POP.TOTL,6783500,6813200,6857100,6916300,6957800,6972800,7024200,7071600
Honduras,HND,"Population, total",SP.POP.TOTL,7383407,7564613,7745200,7924462,8101777,8277302,8450933,8622504
Heavily indebted poor countries (HIPC),HPC,"Population, total",SP.POP.TOTL,532571131,547936900,563930944,579864063,596301357,613535903,630953183,648927117
Croatia,HRV,"Population, total",SP.POP.TOTL,4304600,4310145,4311159,4310217,4309705,4305181,4295427,4280622
Haiti,HTI,"Population, total",SP.POP.TOTL,8961489,9111900,9266288,9420826,9575247,9730638,9842880,9954312
Hungary,HUN,"Population, total",SP.POP.TOTL,10107146,10087065,10071370,10055780,10038188,10022650,10000023,9971727
IBRD only,IBD,"Population, total",SP.POP.TOTL,4164013241,4208938572,4252600296,4294824957,4338065967,4382047562,4425784776,4471184320
IDA & IBRD total,IBT,"Population, total",SP.POP.TOTL,5391795246,5465994258,5539726956,5612590218,5686534868,5761985631,5838720255,5917716358
IDA total,IDA,"Population, total",SP.POP.TOTL,1227782005,1257055686,1287126660,1317765261,1348468901,1379938069,1412935479,1446532038
IDA blend,IDB,"Population, total",SP.POP.TOTL,409622323,419337831,429250772,439576756,450269469,461410153,473204510,484919898
Indonesia,IDN,"Population, total",SP.POP.TOTL,225938595,228805144,231797427,234858289,237936543,240981299,244016173,247099697
IDA only,IDX,"Population, total",SP.POP.TOTL,818159682,837717855,857875888,878188505,898199432,918527916,939730969,961612140
Isle of Man,IMN,"Population, total",SP.POP.TOTL,78677,79415,80228,81100,81997,82915,83828,84350
India,IND,"Population, total",SP.POP.TOTL,1136264583,1154638713,1172373788,1189691809,1206734806,1223640160,1240613620,1257621191
Not classified,INX,"Population, total",SP.POP.TOTL,,,,,,,,
Ireland,IRL,"Population, total",SP.POP.TOTL,4070262,4159914,4273591,4398942,4489544,4535375,4560155,4580084
"Iran, Islamic Rep.",IRN,"Population, total",SP.POP.TOTL,69061674,70182594,71275760,72319418,73318394,74322685,75373855,76342971
Iraq,IRQ,"Population, total",SP.POP.TOTL,27858948,28698684,28905607,28660887,29218381,30289040,31264875,32378061
Iceland,ISL,"Population, total",SP.POP.TOTL,292074,296734,303782,311566,317414,318499,318041,319014
Israel,ISR,"Population, total",SP.POP.TOTL,6809000,6930100,7053700,7180100,7308800,7485600,7623600,7765800
Italy,ITA,"Population, total",SP.POP.TOTL,57685327,57969484,58143979,58438310,58826731,59095365,59277417,59379449
Jamaica,JAM,"Population, total",SP.POP.TOTL,2664024,2676863,2689660,2701221,2711373,2722401,2733896,2746169
Jordan,JOR,"Population, total",SP.POP.TOTL,5532423,5678534,6075548,6473457,6632873,6780493,6931258,7109980
Japan,JPN,"Population, total",SP.POP.TOTL,127761000,127773000,127854000,128001000,128063000,128047000,128070000,127833000
Kazakhstan,KAZ,"Population, total",SP.POP.TOTL,15012984,15147029,15308085,15484192,15776938,16092822,16321872,16557202
Kenya,KEN,"Population, total",SP.POP.TOTL,34791836,35843010,36925253,38036793,39186895,40364444,41517895,42635144
Kyrgyz Republic,KGZ,"Population, total",SP.POP.TOTL,5104700,5162600,5218400,5268400,5318700,5383300,5447900,5514600
Cambodia,KHM,"Population, total",SP.POP.TOTL,13016371,13246583,13477779,13714791,13943888,14155740,14363532,14573885
Kiribati,KIR,"Population, total",SP.POP.TOTL,96224,98164,100083,101998,103966,105996,107995,109871
St. Kitts and Nevis,KNA,"Population, total",SP.POP.TOTL,46580,46725,46874,47015,47156,47286,47403,47581
"Korea, Rep.",KOR,"Population, total",SP.POP.TOTL,48082519,48184561,48438292,48683638,49054708,49307835,49554112,49936638
Kuwait,KWT,"Population, total",SP.POP.TOTL,2153481,2235403,2363409,2506769,2650930,2795550,2943356,3143825
Latin America & Caribbean (excluding high income),LAC,"Population, total",SP.POP.TOTL,493917791,500076606,506094784,511989821,517759389,523473668,528978305,535014773
Lao PDR,LAO,"Population, total",SP.POP.TOTL,5768167,5852970,5946593,6041348,6135861,6229930,6323418,6416327
Lebanon,LBN,"Population, total",SP.POP.TOTL,4574797,4643044,4719864,4809608,4887613,4951135,4995800,5045056
Liberia,LBR,"Population, total",SP.POP.TOTL,3122447,3266318,3455397,3632740,3783887,3905066,4019956,4181150
Libya,LBY,"Population, total",SP.POP.TOTL,5687563,5837986,5973369,6097177,6228370,6360191,6491988,6188132
St. Lucia,LCA,"Population, total",SP.POP.TOTL,164239,165386,166470,167518,168576,169688,170935,172145
Latin America & Caribbean,LCN,"Population, total",SP.POP.TOTL,549897638,556739532,563424119,569972223,576386180,582738079,588873862,595510008
Least developed countries: UN classification,LDC,"Population, total",SP.POP.TOTL,731086901,749189504,767538041,785635469,803947600,823002155,842807198,863421305
Low income,LIC,"Population, total",SP.POP.TOTL,429354375,441886612,455313027,469010772,482640782,496609143,510897321,525506329
Liechtenstein,LIE,"Population, total",SP.POP.TOTL,34300,34603,34889,35150,35401,35675,35926,36189
Sri Lanka,LKA,"Population, total",SP.POP.TOTL,19490431,19673866,19870706,20078655,20285643,20482477,20668557,20859743
Lower middle income,LMC,"Population, total",SP.POP.TOTL,2429871397,2471959522,2513577643,2555229019,2596637908,2638537324,2681991417,2726052485
Low & middle income,LMY,"Population, total",SP.POP.TOTL,5315125594,5389050292,5462498035,5535250735,5609097906,5684268515,5760811387,5839474111
Lesotho,LSO,"Population, total",SP.POP.TOTL,1985384,1977424,1976780,1983465,1995014,2009169,2022747,2037677
Late-demographic dividend,LTE,"Population, total",SP.POP.TOTL,2101411095,2114895075,2128519993,2142132712,2156046215,2169857353,2182768187,2196512073
Lithuania,LTU,"Population, total",SP.POP.TOTL,3377075,3322528,3269909,3231294,3198231,3162916,3097282,3028115
Luxembourg,LUX,"Population, total",SP.POP.TOTL,458095,465158,472637,479993,488650,497783,506953,518347
Latvia,LVA,"Population, total",SP.POP.TOTL,2263122,2238799,2218357,2200325,2177322,2141669,2097555,2059709
"Macao SAR, China",MAC,"Population, total",SP.POP.TOTL,475529,488619,501863,515330,529038,543021,557297,571003
St. Martin (French part),MAF,"Population, total",SP.POP.TOTL,32697,33452,34183,34887,35541,36132,36458,36350
Morocco,MAR,"Population, total",SP.POP.TOTL,30033125,30431902,30833022,31232633,31634992,32042877,32464865,32903699
Monaco,MCO,"Population, total",SP.POP.TOTL,32236,32141,32011,31823,31862,32401,33178,33945
Moldova,MDA,"Population, total",SP.POP.TOTL,2896023,2888985,2880967,2874299,2868833,2865213,2862354,2860699
Madagascar,MDG,"Population, total",SP.POP.TOTL,18250774,18792171,19350299,19924958,20513599,21117092,21731053,22348158
Maldives,MDV,"Population, total",SP.POP.TOTL,302135,307018,314401,325126,336883,349037,361575,374440
Middle East & North Africa,MEA,"Population, total",SP.POP.TOTL,347044925,354462370,362633997,371324802,380294099,389332369,397997557,406045323
Mexico,MEX,"Population, total",SP.POP.TOTL,103945813,105442402,106886790,108302973,109684489,111049428,112532401,114150481
Marshall Islands,MHL,"Population, total",SP.POP.TOTL,54435,54337,54208,54038,53816,53593,53416,52971
Middle income,MIC,"Population, total",SP.POP.TOTL,4885771219,4947163680,5007185008,5066239963,5126457124,5187659372,5249914066,5313967782
North Macedonia,MKD,"Population, total",SP.POP.TOTL,2032544,2036855,2040228,2043559,2046898,2050671,2055004,2058539
Mali,MLI,"Population, total",SP.POP.TOTL,12751995,13180551,13623541,14080912,14551117,15032635,15529181,16039734
Malta,MLT,"Population, total",SP.POP.TOTL,401268,403834,405308,406724,409379,412477,414508,416268
Myanmar,MMR,"Population, total",SP.POP.TOTL,47338446,47724471,48088274,48445647,48729486,49015836,49390988,49794522
Middle East & North Africa (excluding high income),MNA,"Population, total",SP.POP.TOTL,305945780,311948573,317983066,324080392,330293304,336675037,343313330,349770162
Montenegro,MNE,"Population, total",SP.POP.TOTL,613353,614261,615025,615875,616969,618294,619428,620079
Mongolia,MNG,"Population, total",SP.POP.TOTL,2537949,2559255,2581242,2605643,2633887,2666713,2702520,2743938
Northern Mariana Islands,MNP,"Population, total",SP.POP.TOTL,71898,69025,66060,63050,60032,57056,54087,52520
Mozambique,MOZ,"Population, total",SP.POP.TOTL,19694411,20211114,20735982,21280513,21845571,22436660,23073723,23760421
Mauritania,MRT,"Population, total",SP.POP.TOTL,2946575,3012360,3081229,3153508,3233336,3322616,3419461,3524249
Mauritius,MUS,"Population, total",SP.POP.TOTL,1221003,1228254,1233996,1239630,1244121,1247429,1250400,1252404
Malawi,MWI,"Population, total",SP.POP.TOTL,12411342,12755648,13118307,13495463,13889423,14298932,14718422,15146094
Malaysia,MYS,"Population, total",SP.POP.TOTL,25333247,25923536,26509413,27092604,27664296,28217204,28717731,29184133
North America,NAC,"Population, total",SP.POP.TOTL,324809693,327824506,331015609,334185120,337406357,340466060,343397156,345987373
Namibia,NAM,"Population, total",SP.POP.TOTL,1939406,1962865,1986558,2011492,2038552,2067919,2099271,2132340
New Caledonia,NCL,"Population, total",SP.POP.TOTL,228750,232250,235750,239250,242750,245950,249750,254350
Niger,NER,"Population, total",SP.POP.TOTL,13366885,13855221,14365168,14897873,15455175,16037915,16647543,17283112
Nigeria,NGA,"Population, total",SP.POP.TOTL,136756848,140490722,144329764,148294028,152382506,156595758,160952853,165463745
Nicaragua,NIC,"Population, total",SP.POP.TOTL,5386223,5454678,5529811,5607453,5687744,5770639,5855734,5942553
Netherlands,NLD,"Population, total",SP.POP.TOTL,16281779,16319868,16346101,16381696,16445593,16530388,16615394,16693074
Norway,NOR,"Population, total",SP.POP.TOTL,4591910,4623291,4660677,4709153,4768212,4828726,4889252,4953088
Nepal,NPL,"Population, total",SP.POP.TOTL,26003965,26285110,26518971,26713655,26881544,27026941,27161567,27266399
Nauru,NRU,"Population, total",SP.POP.TOTL,10335,10318,10294,10267,10243,10233,10241,10283
New Zealand,NZL,"Population, total",SP.POP.TOTL,4087500,4133900,4184600,4223800,4259800,4302600,4350700,4384000
OECD members,OED,"Population, total",SP.POP.TOTL,1236496893,1245447053,1254649810,1263898853,1273582053,1282495531,1290948297,1297593939
Oman,OMN,"Population, total",SP.POP.TOTL,2468855,2515192,2560649,2605700,2651028,2697537,2881914,3206870
Other small states,OSS,"Population, total",SP.POP.TOTL,22986615,23450481,24035320,24697686,25375277,26013714,26565994,27072916
Pakistan,PAK,"Population, total",SP.POP.TOTL,170648620,174372098,178069984,181924521,185931955,190123222,194454498,198602738
Panama,PAN,"Population, total",SP.POP.TOTL,3243311,3305868,3368573,3431614,3495276,3559343,3623617,3688674
Peru,PER,"Population, total",SP.POP.TOTL,27893911,28147267,28381078,28600387,28806185,29009326,29229572,29477721
Philippines,PHL,"Population, total",SP.POP.TOTL,84607501,86261250,87901835,89561377,91252326,92946951,94636700,96337913
Palau,PLW,"Population, total",SP.POP.TOTL,19907,19831,19619,19366,19102,18826,18540,18240
Papua New Guinea,PNG,"Population, total",SP.POP.TOTL,6293166,6498818,6708217,6921066,7137988,7358890,7583269,7806637
Poland,POL,"Population, total",SP.POP.TOTL,38182222,38165445,38141267,38120560,38125759,38151603,38042794,38063255
Pre-demographic dividend,PRE,"Population, total",SP.POP.TOTL,621974508,640493810,659115651,677333522,697003893,718121906,739525992,761717101
Puerto Rico,PRI,"Population, total",SP.POP.TOTL,3826878,3821362,3805214,3782995,3760866,3740410,3721525,3678732
"Korea, Dem. People's Rep.",PRK,"Population, total",SP.POP.TOTL,23948930,24100982,24235761,24356506,24469047,24581509,24686435,24783789
Portugal,PRT,"Population, total",SP.POP.TOTL,10483861,10503330,10522288,10542964,10558177,10568247,10573100,10557560
Paraguay,PRY,"Population, total",SP.POP.TOTL,5416324,5476878,5534675,5590145,5645148,5702574,5768613,5843939
West Bank and Gaza,PSE,"Population, total",SP.POP.TOTL,3236626,3320396,3406334,3494496,3591977,3689099,3786161,3882986
Pacific island small states,PSS,"Population, total",SP.POP.TOTL,2146140,2172802,2199540,2226078,2251506,2276149,2301401,2327284
Post-demographic dividend,PST,"Population, total",SP.POP.TOTL,1041241254,1046468599,1052106032,1058252873,1064631968,1070085408,1075046427,1077987051
French Polynesia,PYF,"Population, total",SP.POP.TOTL,267132,271060,274901,278178,280558,282283,283788,285265
Qatar,QAT,"Population, total",SP.POP.TOTL,777943,848710,1015060,1231893,1444277,1610274,1713504,1804171
Romania,ROU,"Population, total",SP.POP.TOTL,21451748,21319685,21193760,20882982,20537875,20367487,20246871,20147528
Russian Federation,RUS,"Population, total",SP.POP.TOTL,144067316,143518814,143049637,142805114,142742366,142785349,142849468,142960908
Rwanda,RWA,"Population, total",SP.POP.TOTL,8791853,9026299,9270066,9523168,9781996,10043737,10309031,10576932
South Asia,SAS,"Population, total",SP.POP.TOTL,1515703001,1541263909,1565892885,1589454615,1612709085,1636411632,1660546144,1684898004
Saudi Arabia,SAU,"Population, total",SP.POP.TOTL,23661808,24397644,25382870,26400068,27437353,28483797,29411929,30150945
Sudan,SDN,"Population, total",SP.POP.TOTL,28831550,29540577,30332968,31191163,32065241,32948155,33739933,34419624
Senegal,SEN,"Population, total",SP.POP.TOTL,10698691,10974057,11263387,11563869,11872929,12195029,12530121,12875880
Singapore,SGP,"Population, total",SP.POP.TOTL,4166664,4265762,4401365,4588599,4839396,4987573,5076732,5183688
Solomon Islands,SLB,"Population, total",SP.POP.TOTL,471785,482486,493430,504619,516001,527833,540394,553721
Sierra Leone,SLE,"Population, total",SP.POP.TOTL,5533329,5683334,5809774,5939163,6090860,6259842,6436698,6612385
El Salvador,SLV,"Population, total",SP.POP.TOTL,6035655,6037817,6034436,6044131,6068099,6091188,6114034,6137349
San Marino,SMR,"Population, total",SP.POP.TOTL,29093,29508,29959,30372,30700,31059,31608,32495
Somalia,SOM,"Population, total",SP.POP.TOTL,10117354,10467292,10784973,11118092,11444870,11730037,12026649,12216837
Serbia,SRB,"Population, total",SP.POP.TOTL,7463157,7440769,7411569,7381579,7350222,7320807,7291436,7234099
Sub-Saharan Africa (excluding high income),SSA,"Population, total",SP.POP.TOTL,746464327,766895808,788025400,809934231,832555779,855798400,879707649,904194713
South Sudan,SSD,"Population, total",SP.POP.TOTL,7317118,7662654,8029517,8417823,8823888,9229227,9714419,10243050
Sub-Saharan Africa,SSF,"Population, total",SP.POP.TOTL,746546802,766978666,788110000,810019264,832642735,855885698,879797419,904282154
Small states,SST,"Population, total",SP.POP.TOTL,31893127,32425757,33079043,33808469,34550707,35254103,35871823,36444557
Sao Tome and Principe,STP,"Population, total",SP.POP.TOTL,157697,161680,165725,169845,174004,178128,182138,186044
Suriname,SUR,"Population, total",SP.POP.TOTL,510572,516220,522023,527946,533938,539987,546080,552146
Slovak Republic,SVK,"Population, total",SP.POP.TOTL,5372280,5372807,5373054,5374622,5379233,5386406,5391428,5398384
Slovenia,SVN,"Population, total",SP.POP.TOTL,1997012,2000474,2006868,2018122,2021316,2039669,2048583,2052843
Sweden,SWE,"Population, total",SP.POP.TOTL,8993531,9029572,9080505,9148092,9219637,9298515,9378126,9449213
Eswatini,SWZ,"Population, total",SP.POP.TOTL,1065764,1071886,1077735,1084008,1089870,1094886,1099920,1105371
Sint Maarten (Dutch part),SXM,"Population, total",SP.POP.TOTL,32488,33011,33441,33811,33964,34238,34056,33435
Seychelles,SYC,"Population, total",SP.POP.TOTL,82475,82858,84600,85033,86956,87298,89770,87441
Syrian Arab Republic,SYR,"Population, total",SP.POP.TOTL,18084007,18583557,19432009,20703005,21474059,21827220,22337563,22730733
Turks and Caicos Islands,TCA,"Population, total",SP.POP.TOTL,22869,23995,25128,26268,27422,28581,29726,30816
Chad,TCD,"Population, total",SP.POP.TOTL,9613503,10005012,10365614,10722731,11098664,11496128,11894727,12317730
East Asia & Pacific (IDA & IBRD countries),TEA,"Population, total",SP.POP.TOTL,1857622964,1872697597,1887496209,1901960228,1916309337,1930470829,1944510719,1959494275
Europe & Central Asia (IDA & IBRD countries),TEC,"Population, total",SP.POP.TOTL,435471706,435872410,436426410,436798968,437985547,439691944,441664138,443820083
Togo,TGO,"Population, total",SP.POP.TOTL,5565218,5711597,5874240,6047537,6222482,6398624,6571855,6748672
Thailand,THA,"Population, total",SP.POP.TOTL,65311166,65821360,66319525,66826754,67328239,67813654,68270489,68712846
Tajikistan,TJK,"Population, total",SP.POP.TOTL,6801204,6929145,7057417,7188391,7324627,7468596,7621779,7784819
Turkmenistan,TKM,"Population, total",SP.POP.TOTL,4819792,4885775,4954029,5024894,5100083,5180957,5267970,5360811
Latin America & the Caribbean (IDA & IBRD countries),TLA,"Population, total",SP.POP.TOTL,533741619,540553499,547224720,553771247,560186837,566539590,572674666,579334666
Timor-Leste,TLS,"Population, total",SP.POP.TOTL,945989,969313,994564,1019362,1043076,1065540,1088486,1112976
Middle East & North Africa (IDA & IBRD countries),TMN,"Population, total",SP.POP.TOTL,302709154,308628177,314576732,320585896,326701327,332985938,339527169,345887176
Tonga,TON,"Population, total",SP.POP.TOTL,105036,105633,106190,106638,106932,107144,107383,107611
South Asia (IDA & IBRD),TSA,"Population, total",SP.POP.TOTL,1515703001,1541263909,1565892885,1589454615,1612709085,1636411632,1660546144,1684898004
Sub-Saharan Africa (IDA & IBRD countries),TSS,"Population, total",SP.POP.TOTL,746546802,766978666,788110000,810019264,832642735,855885698,879797419,904282154
Trinidad and Tobago,TTO,"Population, total",SP.POP.TOTL,1361172,1369075,1376919,1384861,1392803,1401191,1410296,1420020
Tunisia,TUN,"Population, total",SP.POP.TOTL,10292225,10388344,10483558,10580395,10680380,10784504,10895063,11032528
Turkiye,TUR,"Population, total",SP.POP.TOTL,67785075,68704715,69601333,70158112,71051678,72039206,73142150,74223629
Tuvalu,TUV,"Population, total",SP.POP.TOTL,9791,9912,10030,10149,10272,10408,10550,10700
Tanzania,TZA,"Population, total",SP.POP.TOTL,38360879,39439505,40562052,41716497,42870884,43957933,45110527,46416031
Uganda,UGA,"Population, total",SP.POP.TOTL,27146084,27946588,28773227,29629804,30509862,31412520,32341728,33295738
Ukraine,UKR,"Population, total",SP.POP.TOTL,47451626,47105171,46787786,46509355,46258189,46053331,45870741,45706086
Upper middle income,UMC,"Population, total",SP.POP.TOTL,2455899822,2475204158,2493607365,2511010944,2529819216,2549122048,2567922649,2587915297
Uruguay,URY,"Population, total",SP.POP.TOTL,3313801,3317665,3322282,3328651,3336126,3344156,3352651,3361637
United States,USA,"Population, total",SP.POP.TOTL,292805298,295516599,298379912,301231207,304093966,306771529,309327143,311583481
Uzbekistan,UZB,"Population, total",SP.POP.TOTL,25864350,26167000,26488250,26868000,27302800,27767400,28562400,29339400
St. Vincent and the Grenadines,VCT,"Population, total",SP.POP.TOTL,112608,112043,111427,110824,110316,109840,109308,108703
"Venezuela, RB",VEN,"Population, total",SP.POP.TOTL,26226927,26668785,27102081,27525097,27933833,28327892,28715022,29096159
British Virgin Islands,VGB,"Population, total",SP.POP.TOTL,22715,23497,24323,25191,26115,27044,27556,27962
Virgin Islands (U.S.),VIR,"Population, total",SP.POP.TOTL,108466,108453,108369,108337,108397,108404,108357,108290
Viet Nam,VNM,"Population, total",SP.POP.TOTL,82311227,83142095,83951800,84762269,85597241,86482923,87411012,88349117
Vanuatu,VUT,"Population, total",SP.POP.TOTL,212422,217632,222923,228345,233952,239689,245453,251294
World,WLD,"Population, total",SP.POP.TOTL,6470924346,6552700448,6635110367,6717567584,6801440971,6885663352,6969985525,7054044372
Samoa,WSM,"Population, total",SP.POP.TOTL,188073,188626,189379,190478,191787,193176,194672,196351
Kosovo,XKX,"Population, total",SP.POP.TOTL,1704622,1705780,1719536,1733404,1747383,1761474,1775680,1791000
"Yemen, Rep.",YEM,"Population, total",SP.POP.TOTL,20733406,21320671,21966298,22641538,23329004,24029589,24743946,25475610
South Africa,ZAF,"Population, total",SP.POP.TOTL,48556071,49017147,49491756,49996094,50565812,51170779,51784921,52443325
Zambia,ZMB,"Population, total",SP.POP.TOTL,11188040,11564870,11971567,12402073,12852966,13318087,13792086,14265814
Zimbabwe,ZWE,"Population, total",SP.POP.TOTL,12160881,12224753,12330490,12450568,12550347,12679810,12839771,13025785
